INSERT INTO
    "public"."stations" (
        "station_id",
        "station_name",
        "is_mission_set",
        "kana"
    )
VALUES
    ('AOBADAI', '青葉台', 'false', 'あおばだい'),
    ('AZAMINO', 'あざみ野', 'true', 'あざみの'),
    ('BASHAMICHI', '馬車道', 'true', 'ばしゃみち'),
    ('CHIDORICHO', '千鳥町', 'false', 'ちどりちょう'),
    ('CHUORINKAN', '中央林間', 'true', 'ちゅうおうりんかん'),
    ('DAIKANYAMA', '代官山', 'false', 'だいかんやま'),
    ('DENENCHOFU', '田園調布', 'false', 'でんえんちょうふ'),
    ('EBARAMACHI', '荏原町', 'false', 'えばらまち'),
    ('EBARANAKANOBU', '荏原中延', 'false', 'えばらなかのぶ'),
    ('EDA', '江田', 'false', 'えだ'),
    ('FUDOMAE', '不動前', 'false', 'ふどうまえ'),
    ('FUJIGAOKA', '藤が丘', 'false', 'ふじがおか'),
    ('FUTAKOSHINCHI', '二子新地', 'false', 'ふたこしんち'),
    ('FUTAKOTAMAGAWA', '二子玉川', 'false', 'ふたこたまがわ'),
    ('GAKUGEIDAIGAKU', '学芸大学', 'false', 'がくげいだいがく'),
    ('GOTANDA', '五反田', 'true', 'ごたんだ'),
    ('HAKURAKU', '白楽', 'true', 'はくらく'),
    ('HASUNUMA', '蓮沼', 'false', 'はすぬま'),
    ('HATANODAI', '旗の台', 'false', 'はたのだい'),
    ('HIGASHIHAKURAKU', '東白楽', 'false', 'ひがしはくらく'),
    ('HIYOSHI', '日吉', 'true', 'ひよし'),
    ('ICHIGAO', '市が尾', 'false', 'いちがお'),
    ('IKEGAMI', '池上', 'true', 'いけがみ'),
    ('IKEJIRIOHASHI', '池尻大橋', 'false', 'いけじりおおはし'),
    ('ISHIKAWADAI', '石川台', 'false', 'いしかわだい'),
    ('JIYUGAOKA', '自由が丘', 'false', 'じゆうがおか'),
    ('KAJIGAYA', '梶が谷', 'false', 'かじがや'),
    ('KAMATA', '蒲田', 'false', 'かまた'),
    ('KAMINOGE', '上野毛', 'false', 'かみのげ'),
    ('KIKUNA', '菊名', 'false', 'きくな'),
    ('KITASENZOKU', '北千束', 'false', 'きたせんぞく'),
    ('KOMAZAWADAIGAKU', '駒沢大学', 'false', 'こまざわだいがく'),
    ('KUGAHARA', '久が原', 'false', 'くがはら'),
    ('KUHONBUTSU', '九品仏', 'false', 'くほんぶつ'),
    ('MEGURO', '目黒', 'true', 'めぐろ'),
    ('MIDORIGAOKA', '緑が丘', 'false', 'みどりがおか'),
    (
        'MINAMIMACHIDAGRANBERRYPARK',
        '南町田グランベリーパーク',
        'true',
        'みなみまちだぐらんべりーぱーく'
    ),
    ('MINATOMIRAI', 'みなとみらい', 'false', 'みなとみらい'),
    ('MIYAMAEDAIRA', '宮前平', 'false', 'みやまえだいら'),
    ('MIYAZAKIDAI', '宮崎台', 'false', 'みやざきだい'),
    ('MIZONOKUCHI', '溝の口', 'true', 'みぞのくち'),
    (
        'MOTOMACHICHUKAGAI',
        '元町・中華街',
        'true',
        'もとまちちゅうかがい'
    ),
    ('MOTOSUMIYOSHI', '元住吉', 'false', 'もとすみよし'),
    ('MUSASHIKOSUGI', '武蔵小杉', 'false', 'むさしこすぎ'),
    ('MUSASHIKOYAMA', '武蔵小山', 'true', 'むさしこやま'),
    ('MUSASHINITTA', '武蔵新田', 'false', 'むさしにった'),
    ('MYORENJI', '妙蓮寺', 'false', 'みょうれんじ'),
    ('NAGAHARA', '長原', 'false', 'ながはら'),
    ('NAGATSUTA', '長津田', 'true', 'ながつた'),
    ('NAKAMEGURO', '中目黒', 'true', 'なかめぐろ'),
    ('NAKANOBU', '中延', 'false', 'なかのぶ'),
    ('NIHONODORI', '日本大通り', 'false', 'にほんおおどおり'),
    ('NISHIKOYAMA', '西小山', 'false', 'にしこやま'),
    ('NUMABE', '沼部', 'false', 'ぬまべ'),
    ('OIMACHI', '大井町', 'true', 'おおいまち'),
    ('OKURAYAMA', '大倉山', 'false', 'おおくらやま'),
    ('OKUSAWA', '奥沢', 'false', 'おくさわ'),
    ('ONTAKESAN', '御嶽山', 'false', 'おんたけさん'),
    ('OOKAYAMA', '大岡山', 'true', 'おおおかやま'),
    ('OSAKIHIROKOJI', '大崎広小路', 'false', 'おおさきひろこうじ'),
    ('OYAMADAI', '尾山台', 'false', 'おやまだい'),
    ('SAGINUMA', '鷺沼', 'false', 'さぎぬま'),
    ('SAKURASHINMACHI', '桜新町', 'false', 'さくらしんまち'),
    ('SANGENJAYA', '三軒茶屋', 'true', 'さんげんぢゃや'),
    ('SENZOKU', '洗足', 'false', 'せんぞく'),
    ('SENZOKUIKE', '洗足池', 'true', 'せんぞくいけ'),
    ('SHIBUYA', '渋谷', 'true', 'しぶや'),
    ('SHIMOMARUKO', '下丸子', 'false', 'しもまるこ'),
    ('SHIMOSHINMEI', '下神明', 'false', 'しもしんめい'),
    ('SHINMARUKO', '新丸子', 'false', 'しんまるこ'),
    ('SHINTAKASHIMA', '新高島', 'true', 'しんたかしま'),
    ('SHINTSUNASHIMA', '新綱島', 'false', 'しんつなしま'),
    ('SHINYOKOHAMA', '新横浜', 'true', 'しんよこはま'),
    ('SUZUKAKEDAI', 'すずかけ台', 'false', 'すずかけだい'),
    ('TAKATSU', '高津', 'false', 'たかつ'),
    ('TAMAGAWA', '多摩川', 'true', 'たまがわ'),
    ('TAMAPLAZA', 'たまプラーザ', 'false', 'たまぷらーざ'),
    ('TANA', '田奈', 'false', 'たな'),
    ('TANMACHI', '反町', 'false', 'たんまち'),
    ('TODOROKI', '等々力', 'false', 'とどろき'),
    ('TOGOSHIGINZA', '戸越銀座', 'false', 'とごしぎんざ'),
    ('TOGOSHIKOEN', '戸越公園', 'false', 'とごしこうえん'),
    ('TORITSUDAIGAKU', '都立大学', 'false', 'とりつだいがく'),
    ('TSUKIMINO', 'つきみ野', 'false', 'つきみの'),
    ('TSUKUSHINO', 'つくし野', 'false', 'つくしの'),
    ('TSUNASHIMA', '綱島', 'false', 'つなしま'),
    ('UNOKI', '鵜の木', 'false', 'うのき'),
    ('YAGUCHINOWATASHI', '矢口渡', 'false', 'やぐちのわたし'),
    ('YOGA', '用賀', 'false', 'ようが'),
    ('YOKOHAMA', '横浜', 'false', 'よこはま'),
    ('YUKIGAYAOTSUKA', '雪が谷大塚', 'false', 'ゆきがやおおつか'),
    ('YUTENJI', '祐天寺', 'true', 'ゆうてんじ');

INSERT INTO
    "public"."teams" ("team_id", "team_name")
VALUES
    ('teamA', 'ムキンアナ'),
    ('teamB', 'ももちゃん先生'),
    ('teamC', 'ぎゃぅず'),
    ('teamD', 'よっぱ隊');

INSERT INTO
    "public"."transit_stations" (
        "transit_station_id",
        "team_id",
        "station_id",
        "created_at",
        "updated_at"
    )
VALUES
    (
        '41',
        'teamA',
        'JIYUGAOKA',
        '2025-05-17 01:00:00+00',
        '2025-05-16 15:00:00+00'
    ),
    (
        '42',
        'teamB',
        'JIYUGAOKA',
        '2025-05-17 01:00:00+00',
        '2025-05-16 15:00:00+00'
    ),
    (
        '43',
        'teamC',
        'JIYUGAOKA',
        '2025-05-17 01:00:00+00',
        '2025-05-16 15:00:00+00'
    ),
    (
        '44',
        'teamD',
        'JIYUGAOKA',
        '2025-05-17 01:00:00+00',
        '2025-05-16 15:00:00+00'
    ),
    (
        '130',
        'teamD',
        'OYAMADAI',
        '2025-05-17 01:40:11.462336+00',
        '2025-05-17 01:40:11.462336+00'
    ),
    (
        '131',
        'teamC',
        'TODOROKI',
        '2025-05-17 01:42:04.007309+00',
        '2025-05-17 01:42:04.007309+00'
    ),
    (
        '132',
        'teamA',
        'TODOROKI',
        '2025-05-17 01:42:43.318388+00',
        '2025-05-17 01:42:43.318388+00'
    ),
    (
        '133',
        'teamB',
        'TODOROKI',
        '2025-05-17 01:46:22.602656+00',
        '2025-05-17 01:46:22.602656+00'
    ),
    (
        '134',
        'teamC',
        'MIZONOKUCHI',
        '2025-05-17 01:54:09.206486+00',
        '2025-05-17 01:54:09.206486+00'
    ),
    (
        '135',
        'teamA',
        'TAMAPLAZA',
        '2025-05-17 02:02:51.125986+00',
        '2025-05-17 02:02:51.125986+00'
    ),
    (
        '136',
        'teamD',
        'TAMAPLAZA',
        '2025-05-17 02:03:13.19952+00',
        '2025-05-17 02:03:13.19952+00'
    ),
    (
        '137',
        'teamB',
        'YOGA',
        '2025-05-17 02:04:42.603158+00',
        '2025-05-17 02:04:42.603158+00'
    ),
    (
        '138',
        'teamC',
        'TODOROKI',
        '2025-05-17 02:27:59.837043+00',
        '2025-05-17 02:27:59.837043+00'
    ),
    (
        '139',
        'teamB',
        'SHIBUYA',
        '2025-05-17 02:36:33.728483+00',
        '2025-05-17 02:36:33.728483+00'
    ),
    (
        '141',
        'teamC',
        'OOKAYAMA',
        '2025-05-17 02:38:30.222422+00',
        '2025-05-17 02:38:30.222422+00'
    ),
    (
        '142',
        'teamD',
        'OOKAYAMA',
        '2025-05-17 02:45:49.348148+00',
        '2025-05-17 02:45:49.348148+00'
    ),
    (
        '143',
        'teamA',
        'MIZONOKUCHI',
        '2025-05-17 03:00:32.117163+00',
        '2025-05-17 03:00:32.117163+00'
    ),
    (
        '144',
        'teamD',
        'MUSASHIKOYAMA',
        '2025-05-17 03:03:28.821016+00',
        '2025-05-17 03:03:28.821016+00'
    ),
    (
        '145',
        'teamC',
        'MEGURO',
        '2025-05-17 03:07:49.334268+00',
        '2025-05-17 03:07:49.334268+00'
    ),
    (
        '146',
        'teamA',
        'KAMINOGE',
        '2025-05-17 03:49:39.724913+00',
        '2025-05-17 03:49:39.724913+00'
    ),
    (
        '147',
        'teamC',
        'YOKOHAMA',
        '2025-05-17 03:50:29.153759+00',
        '2025-05-17 03:50:29.153759+00'
    ),
    (
        '148',
        'teamA',
        'OYAMADAI',
        '2025-05-17 04:06:42.682964+00',
        '2025-05-17 04:06:42.682964+00'
    ),
    (
        '149',
        'teamB',
        'YOGA',
        '2025-05-17 04:19:27.116487+00',
        '2025-05-17 04:19:27.116487+00'
    ),
    (
        '150',
        'teamA',
        'SHINMARUKO',
        '2025-05-17 04:25:55.281755+00',
        '2025-05-17 04:25:55.281755+00'
    ),
    (
        '151',
        'teamC',
        'HIGASHIHAKURAKU',
        '2025-05-17 04:26:41.568759+00',
        '2025-05-17 04:26:41.568759+00'
    ),
    (
        '152',
        'teamC',
        'MYORENJI',
        '2025-05-17 04:37:29.895824+00',
        '2025-05-17 04:37:29.895824+00'
    ),
    (
        '153',
        'teamD',
        'TAMAGAWA',
        '2025-05-17 04:38:28.993043+00',
        '2025-05-17 04:38:28.993043+00'
    ),
    (
        '154',
        'teamB',
        'FUTAKOTAMAGAWA',
        '2025-05-17 04:39:06.296296+00',
        '2025-05-17 04:39:06.296296+00'
    ),
    (
        '155',
        'teamD',
        'OOKAYAMA',
        '2025-05-17 04:51:40.369931+00',
        '2025-05-17 04:51:40.369931+00'
    ),
    (
        '156',
        'teamB',
        'OYAMADAI',
        '2025-05-17 05:17:58.778562+00',
        '2025-05-17 05:17:58.778562+00'
    ),
    (
        '158',
        'teamA',
        'MOTOSUMIYOSHI',
        '2025-05-17 05:29:09.743241+00',
        '2025-05-17 05:29:09.743241+00'
    ),
    (
        '159',
        'teamC',
        'OKURAYAMA',
        '2025-05-17 05:43:59.135834+00',
        '2025-05-17 05:43:59.135834+00'
    ),
    (
        '160',
        'teamB',
        'HIYOSHI',
        '2025-05-17 05:47:24.444436+00',
        '2025-05-17 05:47:24.444436+00'
    ),
    (
        '162',
        'teamD',
        'OYAMADAI',
        '2025-05-17 06:07:18.21355+00',
        '2025-05-17 06:07:18.21355+00'
    ),
    (
        '163',
        'teamA',
        'KUHONBUTSU',
        '2025-05-17 06:10:36.606489+00',
        '2025-05-17 06:10:36.606489+00'
    ),
    (
        '164',
        'teamA',
        'KUHONBUTSU',
        '2025-05-17 06:11:22.96233+00',
        '2025-05-17 06:11:22.96233+00'
    ),
    (
        '165',
        'teamA',
        'TAKATSU',
        '2025-05-17 06:28:44.858307+00',
        '2025-05-17 06:28:44.858307+00'
    ),
    (
        '166',
        'teamC',
        'MOTOSUMIYOSHI',
        '2025-05-17 06:29:18.781644+00',
        '2025-05-17 06:29:18.781644+00'
    ),
    (
        '167',
        'teamA',
        'TAKATSU',
        '2025-05-17 06:29:24.91888+00',
        '2025-05-17 06:29:24.91888+00'
    ),
    (
        '168',
        'teamD',
        'TAKATSU',
        '2025-05-17 06:29:25.726492+00',
        '2025-05-17 06:29:25.726492+00'
    ),
    (
        '169',
        'teamB',
        'DENENCHOFU',
        '2025-05-17 06:40:24.131421+00',
        '2025-05-17 06:40:24.131421+00'
    ),
    (
        '170',
        'teamD',
        'MIZONOKUCHI',
        '2025-05-17 06:46:05.839318+00',
        '2025-05-17 06:46:05.839318+00'
    ),
    (
        '171',
        'teamA',
        'MIYAZAKIDAI',
        '2025-05-17 07:01:17.545176+00',
        '2025-05-17 07:01:17.545176+00'
    ),
    (
        '172',
        'teamB',
        'NUMABE',
        '2025-05-17 07:03:58.218184+00',
        '2025-05-17 07:03:58.218184+00'
    ),
    (
        '173',
        'teamC',
        'SHINTSUNASHIMA',
        '2025-05-17 07:08:22.520334+00',
        '2025-05-17 07:08:22.520334+00'
    ),
    (
        '174',
        'teamD',
        'YOGA',
        '2025-05-17 07:24:57.513544+00',
        '2025-05-17 07:24:57.513544+00'
    ),
    (
        '175',
        'teamA',
        'TAMAPLAZA',
        '2025-05-17 07:29:33.473663+00',
        '2025-05-17 07:29:33.473663+00'
    ),
    (
        '176',
        'teamC',
        'SHINYOKOHAMA',
        '2025-05-17 07:42:46.701205+00',
        '2025-05-17 07:42:46.701205+00'
    ),
    (
        '177',
        'teamB',
        'TAMAGAWA',
        '2025-05-17 07:52:18.748904+00',
        '2025-05-17 07:52:18.748904+00'
    ),
    (
        '178',
        'teamA',
        'TANA',
        '2025-05-17 07:54:47.552949+00',
        '2025-05-17 07:54:47.552949+00'
    ),
    (
        '179',
        'teamD',
        'SAKURASHINMACHI',
        '2025-05-17 08:02:41.313063+00',
        '2025-05-17 08:02:41.313063+00'
    ),
    (
        '180',
        'teamB',
        'OOKAYAMA',
        '2025-05-17 08:09:50.913396+00',
        '2025-05-17 08:09:50.913396+00'
    ),
    (
        '181',
        'teamA',
        'SUZUKAKEDAI',
        '2025-05-17 08:13:13.273232+00',
        '2025-05-17 08:13:13.273232+00'
    ),
    (
        '182',
        'teamD',
        'SHIBUYA',
        '2025-05-17 08:17:01.616918+00',
        '2025-05-17 08:17:01.616918+00'
    ),
    (
        '183',
        'teamC',
        'TAMAGAWA',
        '2025-05-17 08:40:40.443719+00',
        '2025-05-17 08:40:40.443719+00'
    ),
    (
        '184',
        'teamD',
        'YUTENJI',
        '2025-05-17 08:42:57.704828+00',
        '2025-05-17 08:42:57.704828+00'
    ),
    (
        '185',
        'teamA',
        'TSUKIMINO',
        '2025-05-17 08:46:07.541598+00',
        '2025-05-17 08:46:07.541598+00'
    ),
    (
        '186',
        'teamC',
        'HIYOSHI',
        '2025-05-17 09:05:22.928699+00',
        '2025-05-17 09:05:22.928699+00'
    ),
    (
        '187',
        'teamB',
        'HIYOSHI',
        '2025-05-17 09:07:56.468943+00',
        '2025-05-17 09:07:56.468943+00'
    ),
    (
        '189',
        'teamA',
        'SHIBUYA',
        '2025-05-23 13:07:33.756703+00',
        '2025-05-23 13:07:33.756703+00'
    );

INSERT INTO
    "public"."goal_stations" (
        "goal_station_id",
        "station_id",
        "created_at",
        "updated_at"
    )
VALUES
    (
        '12',
        'JIYUGAOKA',
        '2025-05-16 15:00:00+00',
        '2025-05-16 15:00:00+00'
    ),
    (
        '32',
        'TAMAPLAZA',
        '2025-05-17 01:20:10.300367+00',
        '2025-05-17 01:20:10.300367+00'
    ),
    (
        '34',
        'MUSASHIKOYAMA',
        '2025-05-17 02:09:01.905503+00',
        '2025-05-17 02:09:01.905503+00'
    ),
    (
        '35',
        'MYORENJI',
        '2025-05-17 03:08:14.076154+00',
        '2025-05-17 03:08:14.076154+00'
    ),
    (
        '36',
        'OOKAYAMA',
        '2025-05-17 04:42:14.361876+00',
        '2025-05-17 04:42:14.361876+00'
    ),
    (
        '37',
        'OKURAYAMA',
        '2025-05-17 04:59:11.924827+00',
        '2025-05-17 04:59:11.924827+00'
    ),
    (
        '38',
        'MIZONOKUCHI',
        '2025-05-17 05:48:28.807343+00',
        '2025-05-17 05:48:28.807343+00'
    ),
    (
        '39',
        'NUMABE',
        '2025-05-17 06:51:44.992753+00',
        '2025-05-17 06:51:44.992753+00'
    ),
    (
        '40',
        'TSUKIMINO',
        '2025-05-17 07:12:25.233141+00',
        '2025-05-17 07:12:25.233141+00'
    ),
    (
        '41',
        'HIYOSHI',
        '2025-05-17 08:52:51.794251+00',
        '2025-05-17 08:52:51.794251+00'
    );

INSERT INTO
    "public"."bombii_history" ("id", "team_id", "created_at", "updated_at")
VALUES
    (
        '20',
        'teamB',
        '2025-05-17 02:08:43.30682+00',
        '2025-05-17 02:08:43.30682+00'
    ),
    (
        '21',
        'teamA',
        '2025-05-17 03:07:17.362419+00',
        '2025-05-17 03:07:17.362419+00'
    ),
    (
        '22',
        'teamB',
        '2025-05-17 04:41:14.598158+00',
        '2025-05-17 04:41:14.598158+00'
    ),
    (
        '23',
        'teamC',
        '2025-05-17 04:58:14.69383+00',
        '2025-05-17 04:58:14.69383+00'
    ),
    (
        '24',
        'teamD',
        '2025-05-17 05:51:08.276889+00',
        '2025-05-17 05:51:08.276889+00'
    ),
    (
        '25',
        'teamC',
        '2025-05-17 06:50:31.281377+00',
        '2025-05-17 06:50:31.281377+00'
    ),
    (
        '26',
        'teamA',
        '2025-05-17 07:11:21.049997+00',
        '2025-05-17 07:11:21.049997+00'
    ),
    (
        '27',
        'teamD',
        '2025-05-17 08:52:29.874659+00',
        '2025-05-17 08:52:29.874659+00'
    );

INSERT INTO
    "public"."points" (
        "point_id",
        "team_id",
        "point",
        "is_charged",
        "created_at",
        "updated_at"
    )
VALUES
    (
        '234',
        'teamD',
        '5',
        'true',
        '2025-05-17 01:40:11.63569+00',
        '2025-05-17 03:05:29.228+00'
    ),
    (
        '235',
        'teamC',
        '5',
        'true',
        '2025-05-17 01:42:04.194825+00',
        '2025-05-17 04:38:49.556+00'
    ),
    (
        '236',
        'teamA',
        '5',
        'true',
        '2025-05-17 01:42:43.466114+00',
        '2025-05-17 02:06:39.245+00'
    ),
    (
        '237',
        'teamB',
        '5',
        'true',
        '2025-05-17 01:46:22.747248+00',
        '2025-05-17 07:12:14.232+00'
    ),
    (
        '238',
        'teamC',
        '5',
        'true',
        '2025-05-17 01:54:09.358481+00',
        '2025-05-17 04:38:49.556+00'
    ),
    (
        '239',
        'teamA',
        '5',
        'true',
        '2025-05-17 02:02:51.303051+00',
        '2025-05-17 02:06:39.245+00'
    ),
    (
        '240',
        'teamD',
        '5',
        'true',
        '2025-05-17 02:03:13.305813+00',
        '2025-05-17 03:05:29.228+00'
    ),
    (
        '241',
        'teamB',
        '5',
        'true',
        '2025-05-17 02:04:42.751403+00',
        '2025-05-17 07:12:14.232+00'
    ),
    (
        '242',
        'teamA',
        '250',
        'true',
        '2025-05-17 02:06:40.163385+00',
        '2025-05-17 02:06:39.245+00'
    ),
    (
        '243',
        'teamC',
        '5',
        'true',
        '2025-05-17 02:28:00.036031+00',
        '2025-05-17 04:38:49.556+00'
    ),
    (
        '244',
        'teamB',
        '5',
        'true',
        '2025-05-17 02:36:33.893074+00',
        '2025-05-17 07:12:14.232+00'
    ),
    (
        '245',
        'teamB',
        '5',
        'true',
        '2025-05-17 02:37:32.001737+00',
        '2025-05-17 07:12:14.232+00'
    ),
    (
        '246',
        'teamC',
        '5',
        'true',
        '2025-05-17 02:38:30.293324+00',
        '2025-05-17 04:38:49.556+00'
    ),
    (
        '247',
        'teamD',
        '5',
        'true',
        '2025-05-17 02:45:49.453812+00',
        '2025-05-17 03:05:29.228+00'
    ),
    (
        '248',
        'teamC',
        '50',
        'true',
        '2025-05-17 02:56:45.885345+00',
        '2025-05-17 04:38:49.556+00'
    ),
    (
        '249',
        'teamA',
        '5',
        'true',
        '2025-05-17 03:00:32.329538+00',
        '2025-05-17 08:49:23.48+00'
    ),
    (
        '250',
        'teamD',
        '5',
        'true',
        '2025-05-17 03:03:29.017866+00',
        '2025-05-17 03:05:29.228+00'
    ),
    (
        '251',
        'teamD',
        '288',
        'true',
        '2025-05-17 03:05:29.199041+00',
        '2025-05-17 03:05:29.228+00'
    ),
    (
        '252',
        'teamC',
        '5',
        'true',
        '2025-05-17 03:07:49.495862+00',
        '2025-05-17 04:38:49.556+00'
    ),
    (
        '253',
        'teamB',
        '100',
        'true',
        '2025-05-17 03:08:53.025677+00',
        '2025-05-17 07:12:14.232+00'
    ),
    (
        '254',
        'teamC',
        '100',
        'true',
        '2025-05-17 03:12:02.836584+00',
        '2025-05-17 04:38:49.556+00'
    ),
    (
        '255',
        'teamD',
        '50',
        'true',
        '2025-05-17 03:15:52.691324+00',
        '2025-05-17 03:15:52.691324+00'
    ),
    (
        '256',
        'teamA',
        '250',
        'true',
        '2025-05-17 03:29:34.861714+00',
        '2025-05-17 08:49:23.48+00'
    ),
    (
        '257',
        'teamA',
        '5',
        'true',
        '2025-05-17 03:49:39.93179+00',
        '2025-05-17 08:49:23.48+00'
    ),
    (
        '258',
        'teamC',
        '5',
        'true',
        '2025-05-17 03:50:29.322857+00',
        '2025-05-17 04:38:49.556+00'
    ),
    (
        '259',
        'teamA',
        '5',
        'true',
        '2025-05-17 04:06:42.877528+00',
        '2025-05-17 08:49:23.48+00'
    ),
    (
        '260',
        'teamB',
        '5',
        'true',
        '2025-05-17 04:19:27.269774+00',
        '2025-05-17 07:12:14.232+00'
    ),
    (
        '261',
        'teamA',
        '5',
        'true',
        '2025-05-17 04:25:55.472667+00',
        '2025-05-17 08:49:23.48+00'
    ),
    (
        '262',
        'teamC',
        '5',
        'true',
        '2025-05-17 04:26:41.77607+00',
        '2025-05-17 04:38:49.556+00'
    ),
    (
        '263',
        'teamD',
        '100',
        'true',
        '2025-05-17 04:29:15.708388+00',
        '2025-05-17 04:58:02.777+00'
    ),
    (
        '264',
        'teamC',
        '5',
        'true',
        '2025-05-17 04:37:30.052878+00',
        '2025-05-17 04:38:49.556+00'
    ),
    (
        '265',
        'teamD',
        '5',
        'true',
        '2025-05-17 04:38:29.056691+00',
        '2025-05-17 04:58:02.777+00'
    ),
    (
        '266',
        'teamC',
        '288',
        'true',
        '2025-05-17 04:38:49.513693+00',
        '2025-05-17 04:38:49.556+00'
    ),
    (
        '267',
        'teamB',
        '5',
        'true',
        '2025-05-17 04:39:08.233825+00',
        '2025-05-17 07:12:14.232+00'
    ),
    (
        '268',
        'teamD',
        '5',
        'true',
        '2025-05-17 04:51:40.440215+00',
        '2025-05-17 04:58:02.777+00'
    ),
    (
        '269',
        'teamD',
        '250',
        'true',
        '2025-05-17 04:58:02.75608+00',
        '2025-05-17 04:58:02.777+00'
    ),
    (
        '270',
        'teamB',
        '5',
        'true',
        '2025-05-17 05:17:58.931802+00',
        '2025-05-17 07:12:14.232+00'
    ),
    (
        '271',
        'teamB',
        '5',
        'true',
        '2025-05-17 05:18:00.097514+00',
        '2025-05-17 07:12:14.232+00'
    ),
    (
        '272',
        'teamA',
        '5',
        'true',
        '2025-05-17 05:29:09.904054+00',
        '2025-05-17 08:49:23.48+00'
    ),
    (
        '273',
        'teamC',
        '5',
        'true',
        '2025-05-17 05:43:59.306208+00',
        '2025-05-17 05:46:32.576+00'
    ),
    (
        '274',
        'teamC',
        '250',
        'true',
        '2025-05-17 05:46:32.535773+00',
        '2025-05-17 05:46:32.576+00'
    ),
    (
        '275',
        'teamB',
        '5',
        'true',
        '2025-05-17 05:47:24.590377+00',
        '2025-05-17 07:12:14.232+00'
    ),
    (
        '276',
        'teamA',
        '5',
        'true',
        '2025-05-17 05:54:49.660081+00',
        '2025-05-17 08:49:23.48+00'
    ),
    (
        '277',
        'teamA',
        '-5',
        'true',
        '2025-05-17 06:06:04.602468+00',
        '2025-05-17 08:49:23.48+00'
    ),
    (
        '278',
        'teamD',
        '5',
        'true',
        '2025-05-17 06:07:18.348992+00',
        '2025-05-17 06:48:40.124+00'
    ),
    (
        '279',
        'teamA',
        '5',
        'true',
        '2025-05-17 06:10:36.793511+00',
        '2025-05-17 08:49:23.48+00'
    ),
    (
        '280',
        'teamA',
        '5',
        'true',
        '2025-05-17 06:11:23.145193+00',
        '2025-05-17 08:49:23.48+00'
    ),
    (
        '281',
        'teamB',
        '100',
        'true',
        '2025-05-17 06:16:33.042698+00',
        '2025-05-17 07:12:14.232+00'
    ),
    (
        '282',
        'teamA',
        '5',
        'true',
        '2025-05-17 06:28:45.092265+00',
        '2025-05-17 08:49:23.48+00'
    ),
    (
        '283',
        'teamC',
        '5',
        'true',
        '2025-05-17 06:29:18.900599+00',
        '2025-05-17 09:06:56.019+00'
    ),
    (
        '284',
        'teamA',
        '5',
        'true',
        '2025-05-17 06:29:25.094076+00',
        '2025-05-17 08:49:23.48+00'
    ),
    (
        '285',
        'teamD',
        '5',
        'true',
        '2025-05-17 06:29:25.852263+00',
        '2025-05-17 06:48:40.124+00'
    ),
    (
        '286',
        'teamD',
        '-65',
        'true',
        '2025-05-17 06:38:17.311144+00',
        '2025-05-17 06:48:40.124+00'
    ),
    (
        '287',
        'teamB',
        '5',
        'true',
        '2025-05-17 06:40:24.264376+00',
        '2025-05-17 07:12:14.232+00'
    ),
    (
        '288',
        'teamD',
        '5',
        'true',
        '2025-05-17 06:46:05.997343+00',
        '2025-05-17 06:48:40.124+00'
    ),
    (
        '289',
        'teamD',
        '288',
        'true',
        '2025-05-17 06:48:40.099752+00',
        '2025-05-17 06:48:40.124+00'
    ),
    (
        '290',
        'teamA',
        '5',
        'true',
        '2025-05-17 07:01:17.722135+00',
        '2025-05-17 08:49:23.48+00'
    ),
    (
        '291',
        'teamB',
        '5',
        'true',
        '2025-05-17 07:03:58.37708+00',
        '2025-05-17 07:12:14.232+00'
    ),
    (
        '292',
        'teamC',
        '5',
        'true',
        '2025-05-17 07:08:22.633867+00',
        '2025-05-17 09:06:56.019+00'
    ),
    (
        '293',
        'teamB',
        '227',
        'true',
        '2025-05-17 07:12:12.720451+00',
        '2025-05-17 07:12:14.232+00'
    ),
    (
        '294',
        'teamD',
        '5',
        'false',
        '2025-05-17 07:24:57.614592+00',
        '2025-05-17 07:24:57.614592+00'
    ),
    (
        '295',
        'teamA',
        '5',
        'true',
        '2025-05-17 07:29:33.618615+00',
        '2025-05-17 08:49:23.48+00'
    ),
    (
        '296',
        'teamA',
        '-50',
        'true',
        '2025-05-17 07:38:50.280725+00',
        '2025-05-17 08:49:23.48+00'
    ),
    (
        '297',
        'teamB',
        '100',
        'false',
        '2025-05-17 07:42:32.924601+00',
        '2025-05-17 07:42:32.924601+00'
    ),
    (
        '298',
        'teamC',
        '5',
        'true',
        '2025-05-17 07:42:46.84302+00',
        '2025-05-17 09:06:56.019+00'
    ),
    (
        '299',
        'teamB',
        '5',
        'false',
        '2025-05-17 07:52:18.958527+00',
        '2025-05-17 07:52:18.958527+00'
    ),
    (
        '300',
        'teamA',
        '5',
        'true',
        '2025-05-17 07:54:47.731731+00',
        '2025-05-17 08:49:23.48+00'
    ),
    (
        '301',
        'teamD',
        '5',
        'false',
        '2025-05-17 08:02:41.476733+00',
        '2025-05-17 08:02:41.476733+00'
    ),
    (
        '302',
        'teamC',
        '50',
        'true',
        '2025-05-17 08:09:37.009166+00',
        '2025-05-17 09:06:56.019+00'
    ),
    (
        '303',
        'teamB',
        '5',
        'false',
        '2025-05-17 08:09:51.098172+00',
        '2025-05-17 08:09:51.098172+00'
    ),
    (
        '304',
        'teamA',
        '5',
        'true',
        '2025-05-17 08:13:13.510115+00',
        '2025-05-17 08:49:23.48+00'
    ),
    (
        '305',
        'teamD',
        '5',
        'false',
        '2025-05-17 08:17:01.853634+00',
        '2025-05-17 08:17:01.853634+00'
    ),
    (
        '306',
        'teamB',
        '50',
        'false',
        '2025-05-17 08:18:17.249695+00',
        '2025-05-17 08:18:17.249695+00'
    ),
    (
        '307',
        'teamD',
        '100',
        'false',
        '2025-05-17 08:29:22.688069+00',
        '2025-05-17 08:29:22.688069+00'
    ),
    (
        '308',
        'teamC',
        '5',
        'true',
        '2025-05-17 08:40:40.568932+00',
        '2025-05-17 09:06:56.019+00'
    ),
    (
        '309',
        'teamD',
        '5',
        'false',
        '2025-05-17 08:42:57.86744+00',
        '2025-05-17 08:42:57.86744+00'
    ),
    (
        '310',
        'teamA',
        '5',
        'true',
        '2025-05-17 08:46:07.696443+00',
        '2025-05-17 08:49:23.48+00'
    ),
    (
        '311',
        'teamA',
        '347',
        'true',
        '2025-05-17 08:49:22.976754+00',
        '2025-05-17 08:49:23.48+00'
    ),
    (
        '312',
        'teamC',
        '100',
        'true',
        '2025-05-17 08:59:53.337071+00',
        '2025-05-17 09:06:56.019+00'
    ),
    (
        '313',
        'teamC',
        '5',
        'true',
        '2025-05-17 09:05:23.120275+00',
        '2025-05-17 09:06:56.019+00'
    ),
    (
        '314',
        'teamC',
        '381',
        'true',
        '2025-05-17 09:06:55.958293+00',
        '2025-05-17 09:06:56.019+00'
    ),
    (
        '315',
        'teamB',
        '5',
        'false',
        '2025-05-17 09:07:56.62805+00',
        '2025-05-17 09:07:56.62805+00'
    ),
    (
        '316',
        'teamD',
        '200',
        'false',
        '2025-05-17 09:43:24.720544+00',
        '2025-05-17 09:43:24.720544+00'
    ),
    (
        '317',
        'teamD',
        '300',
        'true',
        '2025-05-17 10:10:41.462963+00',
        '2025-05-17 10:10:41.462963+00'
    ),
    (
        '318',
        'teamA',
        '150',
        'true',
        '2025-05-17 10:10:54.617705+00',
        '2025-05-17 10:10:54.617705+00'
    ),
    (
        '320',
        'teamA',
        '5',
        'false',
        '2025-05-23 13:07:34.238371+00',
        '2025-05-23 13:07:34.238371+00'
    );